Recency(Days),Frequency,Monetary(Â£)
45,100,1080.6200000000001
48,17,337.3399999999999
9,19,149.47000000000003
98,16,632.04
17,21,1436.8300000000002
10,32,294.0399999999999
164,7,118.6
51,22,384.06
14,84,571.6100000000001
3,67,470.76000000000005
1,35,220.84999999999997
62,4,365.52
9,123,1602.2000000000007
3,113,1392.190000000001
41,14,321.91999999999996
16,22,1967.96
66,14,192.39
182,2,143.0
75,49,816.1
62,109,1429.87
147,5,152.39999999999998
69,20,432.19999999999993
2,20,935.2099999999998
10,106,483.25999999999993
3,61,391.6999999999998
83,84,1511.9499999999996
37,26,415.81999999999994
36,28,441.64
66,118,2440.82
7,14,177.4
20,60,1173.1199999999997
15,15,224.21000000000004
34,5,389.63999999999993
155,58,550.5699999999999
50,28,439.66
9,28,498.2999999999999
44,68,1172.6600000000003
12,101,2423.56
172,38,511.69
15,45,1136.3199999999997
160,22,330.11
50,4,73.68
68,15,259.16999999999996
116,9,151.95000000000002
9,216,1683.5899999999995
29,13,221.36
2,52,718.0500000000002
66,10,318.0
31,117,1092.3800000000006
0,58,2008.1200000000001
147,13,198.57
107,21,64.60000000000001
105,29,85.13000000000002
31,10,515.1
5,7,546.1
33,179,1791.1000000000004
10,17,255.4
136,24,417.37999999999994
56,77,1401.6500000000003
178,8,138.19
122,35,765.34
75,10,412.00999999999993
40,32,769.1999999999999
114,87,300.31
117,13,251.75
146,14,308.58
42,61,920.7700000000002
43,5,521.2
12,19,334.55999999999995
14,11,184.39999999999998
10,85,1649.759999999999
19,43,727.4399999999999
140,87,305.0199999999998
12,24,314.11000000000007
43,71,1010.1799999999997
44,36,173.97000000000003
12,55,932.86
41,120,2287.109999999999
152,10,135.9
70,20,311.69000000000005
85,10,269.0
42,101,1537.95
12,156,3526.45
48,9,187.82999999999998
6,8,258.4
5,60,865.9899999999998
41,255,1214.160000000001
113,58,1174.3499999999997
14,19,328.4
81,3,69.65
77,14,1255.55
69,14,1.4210854715202004e-14
3,64,251.23999999999992
8,92,1768.030000000001
40,33,657.23
50,30,649.6999999999999
12,88,278.40000000000003
27,16,612.08
88,30,597.09
50,16,329.67999999999995
9,18,178.26
91,45,263.29999999999995
133,11,163.68000000000004
109,30,570.03
47,50,1003.2700000000001
1,18,336.80000000000007
22,167,3290.87
44,25,543.4100000000001
13,26,473.2800000000001
1,14,168.28
15,22,379.3
42,2,65.8
9,25,383.98999999999995
13,44,923.7199999999996
33,27,490.83999999999986
64,48,1982.0000000000002
35,53,758.2899999999998
13,102,1978.3800000000006
51,9,202.65000000000003
56,7,503.7
2,117,2184.03
44,74,231.98000000000002
143,17,286.84
167,6,810.6000000000001
21,80,1148.9400000000007
5,38,738.9599999999998
176,22,267.76
64,28,368.99999999999983
35,21,365.4500000000001
31,36,541.53
50,15,291.47999999999996
20,59,4822.700000000002
22,43,759.1400000000001
161,16,335.87
138,101,545.9499999999998
2,22,112.81
40,15,238.18
44,30,546.8100000000001
59,2,160.4
25,1,931.4999999999999
13,23,539.81
13,252,2226.3400000000006
9,179,4821.14
142,39,746.2099999999998
41,18,1035.45
1,62,264.44000000000005
103,38,980.3100000000002
119,19,237.35999999999996
12,84,642.17
170,9,110.75
100,35,886.28
1,150,650.2799999999999
16,153,1927.7500000000005
34,55,329.6799999999999
12,22,1609.4100000000005
12,40,739.0200000000002
1,17,306.35999999999996
51,29,511.34000000000003
17,11,589.7
9,125,2060.6700000000005
14,80,280.39
1,31,133.50000000000006
128,14,111.25
80,32,663.4900000000002
8,13,625.65
8,41,242.21
8,129,955.2999999999998
170,6,58.08
30,344,1965.5000000000018
124,24,778.12
55,129,2931.5400000000013
61,21,310.62000000000006
51,36,370.45000000000005
85,13,227.85999999999999
31,91,468.38000000000005
118,10,310.05
20,87,2303.8099999999995
162,46,492.35999999999996
58,16,245.94
47,178,840.8500000000004
10,19,357.20000000000005
156,9,171.97999999999996
65,40,1033.3400000000001
56,26,3.552713678800501e-15
21,15,276.56000000000006
152,13,247.70999999999998
12,14,139.54
3,58,417.23
9,3,60.8
6,3,202.95
104,171,4873.810000000005
0,53,511.88000000000005
3,350,3660.6899999999996
131,26,559.7
155,49,379.65000000000003
29,42,733.1700000000001
3,102,597.5000000000002
90,7,97.5
41,9,110.8
9,43,604.64
41,10,162.57
173,19,308.5
0,73,1237.8500000000004
110,7,111.05
44,82,1295.8700000000001
15,82,380.46999999999997
26,12,127.74000000000001
125,43,707.0899999999999
7,94,1863.7900000000006
117,120,1951.0499999999995
56,35,576.6800000000002
50,60,373.24
78,37,654.29
40,17,183.44
10,32,662.79
25,62,833.7799999999996
173,11,315.05999999999995
111,69,209.94000000000003
64,2,1101.2
113,27,121.74000000000001
64,35,539.5500000000001
1,62,1260.8600000000001
69,47,844.0600000000002
103,7,113.5
48,26,171.59
23,4,126.6
13,46,1211.47
1,8,6977.039999999999
27,262,2118.8899999999994
12,12,230.22
64,27,366.03
171,80,336.4299999999999
57,116,2242.0100000000007
42,41,929.3599999999999
71,17,2020.52
69,8,126.65999999999998
77,20,722.3400000000001
5,22,318.1699999999999
62,24,341.55999999999995
0,83,1245.9599999999998
12,27,2869.05
103,17,298.6
34,62,1085.11
9,27,488.05999999999995
14,109,1013.8699999999997
7,75,2313.15
50,20,372.21999999999997
126,28,462.65999999999997
35,134,1096.32
35,16,97.99999999999997
27,34,1145.6
22,121,1498.29
115,4,870.0
3,64,190.18999999999997
157,4,67.19999999999999
13,92,696.4099999999999
70,6,1862.0
181,13,145.5
35,20,318.7
41,15,331.95
13,12,400.0100000000001
7,17,298.23999999999995
149,20,308.12
10,24,83.15
36,7,401.4000000000001
51,53,658.3600000000002
77,47,801.4600000000002
150,34,580.79
143,27,150.03000000000003
2,53,707.0399999999997
50,32,593.8000000000001
132,19,301.03
7,115,1821.5199999999993
41,99,1097.1900000000003
69,27,409.90000000000003
7,169,4646.290000000003
6,40,702.9399999999999
2,887,3981.4600000000005
62,18,202.25000000000003
118,29,468.95000000000005
9,65,971.74
48,63,721.9399999999998
68,39,505.18000000000006
33,43,770.0300000000002
8,132,585.7900000000002
179,20,465.32
131,55,1143.8100000000004
48,11,216.16999999999996
2,57,669.1100000000001
29,3,110.94999999999999
63,49,1060.0000000000002
7,24,454.7600000000001
5,96,2466.8500000000004
29,110,842.4499999999999
125,47,529.73
62,34,668.43
5,34,541.4599999999999
120,36,497.19999999999993
16,65,414.26
15,128,598.7300000000001
1,10,310.7800000000001
7,21,311.65999999999997
75,34,519.8899999999999
8,4,40.949999999999996
13,21,485.24
19,80,1595.2200000000003
132,5,64.02
10,383,1406.7900000000004
12,102,1534.7300000000002
83,44,422.85
19,55,1026.78
47,52,752.0900000000001
0,132,691.0699999999999
172,26,134.46
30,10,156.72000000000003
44,26,1527.68
12,29,507.2900000000001
0,60,1073.36
15,14,213.77999999999997
2,37,738.6800000000002
152,6,207.25
64,3,68.0
34,12,193.44
131,13,149.48
37,6,422.58000000000004
8,112,2174.83
14,23,484.82000000000005
82,34,716.3500000000001
7,88,1750.02
37,44,1412.9399999999996
146,4,130.2
45,29,151.7
81,7,152.94
0,55,1428.6100000000004
2,45,808.59
66,53,181.08999999999997
16,48,841.2000000000002
61,20,300.02000000000004
10,74,1198.3800000000003
88,7,298.0
8,34,822.4800000000001
97,12,156.50999999999996
41,29,157.05
31,24,478.89
114,168,1519.9899999999989
58,19,312.8
12,7,110.46
34,11,306.45000000000005
88,47,1678.9599999999998
7,111,937.6000000000003
0,106,896.6600000000001
9,13,318.4800000000001
1,198,1368.72
113,10,193.64
19,60,1093.68
149,1,175.2
104,7,2304.0
6,48,286.60999999999996
100,16,167.61
182,21,283.7699999999999
65,7,145.67
25,5,85.0
171,19,242.44
86,60,1134.44
5,128,360.9299999999999
12,4,75.45
23,37,500.2799999999999
82,43,589.15
50,43,171.53
178,4,59.9
16,74,320.71999999999997
59,20,330.78999999999996
56,34,658.88
82,17,301.24
15,11,281.84999999999997
0,17,329.84999999999997
86,37,909.0399999999997
171,34,221.87
21,27,252.72999999999996
178,5,93.75
164,13,177.34000000000003
81,85,360.1600000000003
1,981,4154.639999999994
37,32,160.56999999999994
76,1,2033.1
13,109,2968.9899999999984
0,18,292.34000000000003
27,78,1771.0200000000004
1,67,1226.1799999999998
10,396,2164.4700000000007
27,98,1589.53
13,39,703.8000000000001
38,60,249.71999999999989
36,58,1445.79
0,16,553.44
13,14,490.22
28,12,425.05
6,110,9846.1
15,44,382.79999999999995
31,58,579.1900000000002
101,75,1474.0600000000006
34,21,389.45000000000005
164,8,197.88
55,63,1872.6999999999996
31,57,444.08999999999975
8,56,989.8700000000003
31,21,149.30999999999995
61,29,1631.7700000000002
37,3,300.3
30,11,599.0400000000001
2,2,114.60000000000001
5,64,1107.3799999999999
60,19,332.40999999999997
16,21,333.56
8,45,682.19
0,35,772.5600000000001
172,21,303.25
41,17,311.15999999999997
10,42,2493.9499999999994
82,76,1093.8700000000001
20,13,225.84999999999997
181,9,131.9
8,17,2653.9999999999995
61,11,97.35
13,57,1075.4999999999993
16,108,1318.5699999999997
1,83,1732.7100000000005
30,339,4306.689999999999
48,6,300.85
0,120,1007.2100000000003
12,71,1197.2700000000002
149,13,269.7
6,22,290.32000000000005
12,125,1299.230000000001
70,58,260.76
8,18,397.62999999999994
92,45,230.52999999999994
178,24,371.95999999999987
140,155,1028.7500000000005
80,1,20.8
25,11,252.48999999999998
31,39,655.5199999999999
70,23,527.54
108,10,193.75
1,52,764.3399999999999
89,8,118.95
36,94,3416.250000000003
37,24,388.58
22,40,905.6900000000002
81,29,117.88000000000001
41,16,1393.06
79,2,0.0
129,3,147.12
167,1,432.0
30,57,1049.6999999999998
138,158,1246.3199999999995
156,16,243.76000000000005
105,56,2790.860000000001
62,2,100.8
26,29,559.9700000000001
3,53,408.19000000000005
13,229,4014.7999999999997
61,153,1514.26
94,20,594.1999999999999
16,42,793.9399999999999
134,6,129.6
14,45,1932.5399999999993
76,23,655.7499999999999
9,48,747.5799999999999
10,226,3610.990000000003
116,21,320.58
159,34,623.1600000000001
68,39,576.99
19,20,314.38
14,101,860.9400000000003
92,30,498.42
2,33,652.7400000000001
5,279,1563.000000000001
5,19,411.40999999999997
152,14,91.22000000000001
133,37,545.6800000000001
6,94,5131.28
31,208,1145.64
89,11,314.1
105,17,305.24000000000007
88,7,229.8
8,88,761.7200000000001
162,26,73.78
1,54,2516.4899999999993
0,14,202.11
13,70,2600.199999999998
44,107,1897.84
170,11,218.2600000000001
59,130,1058.6200000000008
14,19,291.88
81,32,1780.5900000000001
96,96,405.6199999999999
164,6,178.51999999999998
1,14,246.3
141,49,396.47999999999996
0,31,747.0999999999998
22,104,1796.48
16,80,1727.1700000000005
26,28,390.53999999999996
0,57,1245.5800000000002
21,61,855.0499999999998
143,27,427.5999999999999
66,24,202.64000000000001
19,18,343.37999999999994
20,38,593.6099999999999
17,33,663.5600000000001
1,37,699.95
80,63,1624.9099999999996
75,49,777.5300000000001
169,21,223.48
2,109,4094.460000000002
1,74,218.46999999999994
163,25,336.03000000000003
161,12,237.61
51,76,388.2799999999999
36,27,680.9100000000003
13,242,4391.620000000003
33,29,326.46
45,51,409.09999999999974
5,14,302.34
6,160,3687.080000000002
17,70,852.3300000000003
37,18,305.74
10,21,330.1700000000001
88,20,148.63
61,23,443.0500000000001
7,21,109.01
16,8,111.38000000000001
7,76,1166.9200000000003
29,9,153.6
1,166,5940.729999999998
19,293,1039.5800000000008
72,182,3260.3200000000006
15,16,365.40000000000003
16,57,262.68
10,38,240.22000000000006
173,17,282.45
7,72,708.7600000000002
125,10,140.35
36,1,39.599999999999994
7,43,1224.9300000000007
14,150,1539.0700000000008
12,5,190.09999999999997
61,35,761.6699999999998
65,9,277.79999999999995
127,18,187.02
53,26,1066.37
178,1,76.32000000000001
159,25,400.36
70,6,75.67999999999999
6,133,687.71
19,29,1139.08
115,13,252.37000000000006
1,88,11910.570000000007
21,43,3949.41
116,4,69.45
113,15,416.9
7,17,138.6
69,74,1276.4399999999991
34,7,250.55
1,20,301.25
129,8,197.90000000000003
85,41,369.7300000000001
64,15,576.4000000000001
30,167,1330.8299999999988
88,90,1472.1699999999994
44,17,1283.8999999999996
35,29,390.74
51,229,620.0399999999998
7,57,646.8999999999999
40,28,443.20000000000005
104,25,417.0100000000001
48,95,1877.5899999999992
16,65,1020.7400000000001
12,4,446.94000000000005
45,27,447.67999999999995
44,9,223.36
172,20,125.58000000000003
0,102,1472.0700000000004
41,267,1102.1800000000005
7,107,6410.559999999998
2,23,473.96
86,7,1823.9
42,111,416.7299999999997
15,158,568.0199999999999
174,2,64.0
56,70,1262.8799999999999
51,101,1579.51
13,33,1429.2299999999998
9,36,366.15
41,8,173.15999999999997
31,12,316.88
0,219,1418.2600000000016
58,2,660.0
17,130,392.7299999999999
65,1,535.5
115,60,167.49999999999997
20,52,1416.81
21,18,305.62
12,8,962.4000000000001
19,20,473.65
0,62,1030.8800000000003
3,179,1113.3600000000001
8,11,196.94
118,23,320.2799999999999
50,29,583.8999999999999
2,42,728.31
2,19,314.69
135,14,277.12000000000006
33,8,449.3
57,105,1228.6100000000001
164,10,137.9
50,37,926.6999999999998
140,20,403.71999999999997
149,37,600.0699999999999
35,58,1531.6200000000003
16,9,98.42000000000002
2,57,871.9799999999999
135,15,467.65999999999997
172,131,6207.669999999996
27,32,8205.72
48,23,382.24999999999994
1,67,2283.580000000001
142,9,115.22999999999999
19,151,2575.0800000000004
80,35,594.1600000000001
42,87,1120.980000000001
12,8,166.07999999999998
126,20,465.96000000000004
64,5,321.54
97,5,51.56
2,27,589.6800000000002
7,102,604.7499999999999
23,11,279.9599999999999
23,121,603.7099999999997
172,63,230.51000000000002
129,22,361.2199999999999
54,108,830.7299999999998
19,20,333.4800000000001
8,106,689.4499999999999
54,27,1696.1200000000001
70,14,141.26999999999998
23,127,1192.7499999999995
20,135,1309.5800000000006
1,7,229.79999999999998
105,15,760.8000000000002
97,8,120.0
2,22,380.35
64,32,490.0499999999998
172,97,367.92999999999984
9,66,892.81
49,48,742.5600000000002
164,43,245.82
110,6,523.2
36,11,121.17999999999999
30,38,168.50000000000006
56,55,2044.3700000000003
83,15,257.48
6,28,445.40000000000003
61,10,134.96
69,42,712.9200000000002
48,48,847.5899999999999
20,40,802.2200000000001
58,101,2020.8400000000001
182,1,35.400000000000006
35,31,449.17999999999995
19,33,574.6800000000001
7,24,307.25999999999993
66,150,1295.190000000001
35,29,237.11999999999998
69,77,1253.2199999999996
5,94,812.19
16,9,114.14
6,197,1447.140000000001
9,40,957.6600000000001
8,15,243.55
76,16,315.69
20,3,73.2
145,1,63.75
1,166,3027.630000000002
16,35,389.86000000000007
64,39,395.79999999999995
3,148,411.59999999999985
76,22,351.47
50,275,1584.370000000001
42,35,2083.4199999999996
1,10,517.2
60,25,460.28000000000003
26,17,298.13
98,24,213.86000000000004
0,3,170.16
58,34,2171.1400000000003
5,128,2415.4500000000003
80,34,188.14
14,51,351.1099999999999
8,15,138.04999999999998
15,81,1550.2299999999996
9,50,906.4600000000002
113,100,548.9399999999999
100,23,608.7899999999998
13,20,375.12
26,37,567.7399999999999
29,7,78.19999999999999
12,31,774.52
1,88,1761.2699999999998
124,18,241.62000000000003
55,110,2024.949999999999
8,28,164.23000000000002
10,181,2634.9799999999987
61,64,969.7899999999995
38,306,1483.1399999999999
149,4,144.10000000000002
149,30,1904.26
108,14,123.14
33,33,484.9999999999999
20,39,506.3100000000001
40,60,816.8800000000006
82,140,2668.5299999999997
6,71,280.8599999999999
9,72,1457.55
7,178,1550.4100000000012
76,57,334.53000000000014
176,20,553.9200000000001
5,25,443.18000000000006
0,20,1803.9600000000003
0,52,1755.73
7,102,525.2399999999998
29,15,355.11
115,21,216.20999999999998
13,23,634.9499999999999
77,5,621.6600000000001
150,68,1656.15
41,6,74.53
12,10,137.31
1,99,892.1600000000003
125,53,861.74
1,41,635.04
10,46,167.61999999999998
173,16,281.74999999999994
157,81,1411.33
141,9,12393.7
36,7,179.33999999999997
124,20,532.8
125,29,182.95999999999998
0,4,80.85000000000001
161,2,193.5
10,164,2749.370000000001
82,37,608.0899999999999
160,8,142.5
2,135,905.0399999999995
55,47,853.4300000000002
8,63,1290.4799999999996
16,7,139.56
163,16,113.12
167,13,285.35
118,20,394.43999999999994
56,69,1241.7899999999993
57,19,166.5
107,23,347.15999999999997
9,25,495.60999999999996
0,141,2788.6399999999994
2,27,800.5900000000001
41,16,430.5
35,86,1773.7200000000003
15,9,205.25
15,5,181.25
43,12,352.70000000000005
100,5,1333.35
44,40,342.63
1,16,247.31999999999996
1,309,656.8299999999998
167,7,158.4
0,107,1648.9500000000003
72,72,1062.1100000000001
72,12,675.3
124,67,963.4899999999996
126,21,445.8500000000001
166,13,213.73000000000002
47,51,672.6500000000001
69,15,317.76
12,59,1138.82
170,70,1109.5300000000007
117,25,444.3
19,193,821.6000000000001
14,89,536.1399999999996
20,141,1187.1799999999996
10,245,3031.4499999999957
15,8,135.86
8,79,326.2599999999999
17,154,479.0799999999997
72,3,63.790000000000006
37,26,498.74
47,125,409.16999999999985
19,114,2095.66
164,12,111.68
58,128,2372.860000000001
161,18,231.84
29,291,1554.3800000000008
5,15,196.79
42,15,337.04
22,1,15.0
37,69,1042.1899999999998
47,31,262.20000000000005
69,32,504.96000000000004
14,50,739.0199999999999
124,14,337.43999999999994
16,58,323.03999999999996
143,11,146.87
7,82,1240.5099999999998
107,44,1706.88
154,24,110.92000000000003
5,271,5449.670000000001
2,20,389.82000000000005
26,8,183.85
14,2,408.8
17,76,1294.4699999999998
0,8,164.96
19,69,556.9499999999997
6,92,1076.0399999999997
75,7,248.64000000000001
43,8,125.64999999999999
143,7,207.68
91,25,290.5200000000001
85,10,213.70000000000002
42,128,2601.5500000000006
169,88,657.5900000000004
22,27,504.50000000000006
8,332,2112.420000000001
80,6,3166.4
5,21,350.9
6,55,170.31000000000006
63,17,312.96000000000004
9,216,1047.1299999999992
7,26,538.74
98,31,1046.1599999999999
6,8,122.64000000000001
99,12,241.09000000000003
0,58,992.15
12,108,3280.7500000000014
55,17,282.1500000000001
31,101,26427.4
1,3,77.4
2,239,1209.0900000000017
43,6,125.79000000000002
72,22,344.99999999999994
1,14,643.6300000000001
78,16,4314.719999999999
177,1,57.5
15,128,1765.5699999999995
43,82,1378.4800000000002
43,56,202.6800000000001
6,29,1395.9400000000003
129,9,194.48000000000002
97,1,76.32000000000001
1,6,236.7
2,349,1834.8300000000004
43,20,400.92
178,5,125.85000000000001
142,4,45.599999999999994
15,20,308.48
3,336,3647.0299999999975
9,94,1469.5000000000007
12,16,630.0999999999999
12,34,419.7
2,47,794.9099999999997
181,37,236.01999999999995
38,77,490.52
115,34,626.8800000000001
70,59,2841.0799999999995
147,32,298.89000000000004
12,108,2056.6000000000004
15,6,261.3
9,34,534.72
48,50,1386.59
13,122,2732.8999999999996
17,4,107.95
38,30,248.60999999999999
157,7,103.0
139,6,98.45
21,109,771.9099999999996
17,60,625.0
49,40,210.51999999999995
27,107,1726.12
156,48,220.94999999999996
36,62,861.2099999999999
173,29,176.97
104,11,170.54000000000002
19,81,2117.0800000000004
9,35,446.08000000000004
1,35,300.83
15,52,1167.17
44,35,151.83
7,106,1932.0300000000009
1,5,137.0
16,7,161.64
79,37,794.5499999999998
14,27,339.63
2,102,3395.8800000000006
47,4,81.57
43,170,1413.3400000000006
13,1,30.0
2,41,223.65
33,3,70.67999999999999
42,90,1560.58
14,94,2191.6199999999994
7,12,1123.5
118,5,129.45
135,11,204.54000000000002
36,260,2414.78
110,12,227.39
27,4,191.4
6,47,370.47999999999996
58,20,1231.48
129,4,498.49999999999994
33,48,1795.7199999999998
55,11,70.44
77,30,285.73999999999995
168,41,683.17
7,21,1352.0000000000002
26,51,725.7099999999999
42,14,199.53000000000003
42,29,813.4800000000002
143,16,221.05999999999995
106,4,324.95
5,21,379.65000000000003
14,22,444.68
36,20,393.54
17,234,987.7600000000007
53,16,327.7
78,7,117.35000000000001
64,81,2559.23
136,70,783.8999999999999
12,58,1423.4999999999995
40,84,1279.61
179,12,72.9
8,33,288.00000000000006
1,20,301.28999999999996
15,36,589.4399999999999
25,9,102.02
9,268,1949.580000000001
6,100,512.7899999999997
9,2,1231.5
77,1,228.96
90,14,157.09
2,18,292.88
173,24,508.58
15,194,665.86
138,7,178.26999999999998
15,1,440.0
114,87,1262.7500000000014
43,17,216.39000000000001
33,70,1352.4
44,40,197.13
13,4,91.8
14,33,384.0499999999999
48,85,1914.7399999999998
78,2,96.6
10,9,155.71000000000004
44,34,587.6499999999999
55,37,1007.3199999999998
90,5,73.5
128,15,449.7299999999999
72,13,360.23
124,1,76.5
0,341,2047.580000000002
1,48,765.6200000000001
44,19,1077.74
68,19,301.71999999999997
99,5,96.30000000000001
140,42,610.0100000000001
59,85,501.0499999999999
142,33,527.05
80,6,101.7
70,56,824.8299999999994
68,49,1098.7800000000002
139,116,1326.8299999999997
99,50,750.7399999999999
20,8,221.69000000000003
23,58,165.07000000000005
20,25,397.11999999999995
50,134,1537.1200000000008
0,38,575.4399999999999
117,45,750.3599999999999
49,13,1073.6
119,6,325.1
31,167,1740.7100000000007
70,17,3850.9
101,4,1432.0
128,5,87.4
17,83,364.89999999999975
2,76,276.67999999999995
115,8,157.81
10,49,206.05
48,30,378.5899999999999
8,1,322.08
143,40,707.4
70,14,507.8399999999999
86,7,2192.4
27,7,182.7
141,77,469.47999999999985
156,12,163.29999999999998
111,62,503.35
83,32,674.7
31,168,2461.09
68,39,344.33
154,99,351.6699999999999
147,75,257.67999999999995
27,16,108.21000000000001
13,35,741.4800000000001
172,57,1366.9099999999999
37,12,255.89999999999998
12,45,153.92000000000004
1,6,102.44999999999999
66,17,272.21999999999997
6,88,1503.8699999999994
49,8,425.09
63,19,364.14000000000004
15,22,107.70000000000002
76,37,701.07
181,24,142.40000000000003
8,33,892.52
167,26,395.30000000000007
17,93,1321.46
41,17,363.34000000000003
173,7,145.35
5,68,1299.32
15,58,2661.359999999999
25,10,363.90000000000003
7,129,2154.5000000000005
58,87,1532.7500000000002
23,134,2389.1000000000013
40,3,240.55
88,27,272.93
131,6,83.70000000000002
20,59,1001.8100000000001
22,25,256.87000000000006
25,42,1279.2499999999998
13,100,3072.3199999999983
50,18,318.55
8,42,1132.6699999999996
35,24,609.24
7,60,1034.9400000000003
150,20,315.59999999999997
5,77,1240.0000000000005
99,11,425.6
6,12,334.53999999999996
80,21,412.02999999999986
176,11,197.22
159,38,262.87
65,92,240.26999999999992
10,12,108.75
171,6,319.08000000000004
140,11,311.92
31,46,1441.4199999999996
72,24,364.11
85,25,382.58
51,19,499.32
23,16,232.60000000000005
129,28,142.89
30,34,519.6099999999999
61,21,256.69999999999993
37,2,144.0
167,2,46.95
12,3,77.4
119,14,197.0
27,49,892.7500000000001
160,9,158.85
13,19,336.85
146,43,639.31
42,9,124.88
15,13,458.02
57,61,281.00999999999993
135,17,115.49
167,4,52.800000000000004
21,178,1678.1200000000008
9,14,297.0
6,240,2736.1899999999982
45,36,1281.53
88,30,303.3999999999999
176,27,148.95000000000002
37,29,666.8399999999999
9,451,4357.080000000008
31,176,874.7099999999997
81,39,167.66999999999996
68,42,363.65
97,9,138.14000000000001
12,43,989.85
0,25,283.43999999999994
0,374,7390.230000000011
59,19,101.34000000000002
122,25,156.57999999999998
29,21,422.64
56,107,1533.7000000000003
0,129,2478.9799999999996
45,34,362.06000000000006
13,15,209.49000000000004
12,16,323.3599999999999
28,197,2760.5599999999977
12,454,7619.830000000013
48,21,84.39999999999998
0,104,4200.440000000003
21,49,790.81
139,14,185.77999999999997
146,1,19.799999999999997
31,98,678.0099999999996
92,1,85.92
3,71,438.8299999999997
19,84,256.09999999999997
64,54,869.8700000000001
133,3,217.52
14,50,994.5799999999999
167,2,35.400000000000006
20,53,1018.1000000000004
99,30,264.21
107,7,508.4599999999999
63,48,961.8599999999998
34,108,2725.620000000001
2,239,3886.670000000001
80,15,313.83
1,329,5168.119999999998
33,107,4359.3200000000015
44,53,760.5899999999999
8,13,320.46000000000004
29,35,461.6000000000001
29,61,1405.6000000000001
7,5,97.80000000000001
50,356,1873.14
66,25,349.70000000000016
139,27,1430.75
34,40,644.24
80,37,147.59
114,90,2315.2599999999998
20,32,1294.14
1,160,2765.3
2,35,330.8799999999998
36,68,664.85
6,89,622.6300000000002
42,22,341.70000000000005
51,26,571.1600000000001
48,45,441.16999999999996
47,31,231.17
3,85,528.7099999999998
16,73,703.3699999999997
20,54,517.21
0,65,800.3599999999998
110,2,360.0
110,47,982.3800000000005
1,23,743.5500000000001
10,78,784.11
176,20,255.95
72,14,228.06000000000003
9,84,2809.2500000000005
167,9,305.75
43,15,223.36
146,53,781.0300000000002
72,13,953.1
35,54,210.34999999999985
10,32,118.98
1,3,336.40000000000003
19,95,1495.8299999999992
1,67,1006.8000000000001
19,135,814.7199999999996
25,18,1339.7999999999997
45,35,427.07000000000005
12,31,954.3699999999998
136,2,80.7
172,72,377.01
0,76,612.4300000000001
16,6,128.10000000000002
65,21,348.99
12,64,1083.03
20,7,611.55
1,730,3106.9499999999953
50,11,266.76
5,185,1532.8600000000001
17,27,155.23999999999998
8,65,1054.7299999999996
38,24,110.21
7,43,910.7199999999998
35,167,4659.979999999996
51,6,104.82000000000002
72,57,366.1299999999999
107,19,213.85
9,31,573.1700000000001
124,2,0.0
85,14,300.55
35,38,575.4100000000001
155,3,339.3
30,5,200.97000000000003
142,19,712.78
34,18,312.34
33,103,676.67
61,6,44.35
76,38,659.4399999999998
86,1,81.36
0,633,2325.3400000000015
47,51,690.8000000000002
103,41,1306.6000000000001
69,66,446.41
65,29,393.9199999999999
34,111,657.3
72,5,75.75000000000001
51,13,2721.9599999999996
65,23,368.31
33,172,3930.350000000001
41,11,214.32000000000002
10,194,1292.77
0,117,2272.79
65,5,461.4000000000001
2,39,371.7399999999999
176,9,39.24
109,4,150.83999999999997
14,79,1419.65
5,269,5483.310000000002
7,80,1641.0899999999995
44,88,1778.2400000000007
124,21,358.8199999999999
119,17,269.1
70,66,577.0300000000001
5,2,35.400000000000006
142,11,223.88
64,14,254.39999999999998
8,78,1504.8500000000008
51,20,281.0400000000001
103,5,135.95
12,246,1377.039999999998
181,19,108.07
3,43,740.9499999999999
34,30,537.71
12,5,293.1
0,64,9606.89
155,1,51.0
48,12,357.92999999999995
96,12,231.10000000000002
168,3,76.5
6,54,316.49999999999994
75,5,419.58000000000004
7,12,426.09000000000003
152,148,2025.3899999999992
26,12,284.44
19,116,2240.61
72,82,1799.3299999999988
30,40,656.2500000000001
48,93,412.0499999999998
147,3,199.5
107,16,276.73
163,16,312.55000000000007
6,19,644.2400000000001
34,92,1470.3099999999995
28,23,530.1500000000002
59,21,302.69999999999993
0,117,2053.130000000001
153,30,1760.9599999999998
6,134,3408.4900000000025
64,11,305.5400000000001
0,241,8960.9
34,26,379.45000000000005
70,2,75.6
44,19,692.1
103,5,69.28
31,37,396.3300000000001
161,16,114.56
86,8,109.12999999999998
97,54,213.29999999999998
69,85,1723.86
1,210,3961.0800000000004
110,12,196.88999999999996
8,19,486.71999999999997
31,6,215.08
139,9,164.0
99,51,1222.64
35,85,505.2299999999997
26,24,671.96
41,23,467.98
16,19,208.15999999999997
143,23,453.55000000000007
12,159,775.4600000000004
1,125,518.8499999999997
151,25,393.3299999999999
50,45,771.0199999999998
8,174,1446.09
149,23,379.7
15,181,1601.2199999999998
160,7,429.79999999999995
174,10,151.73999999999998
20,37,709.3800000000002
30,18,4899.3
25,57,977.77
26,25,450.27
16,20,405.5900000000001
178,17,90.12
23,109,2150.8499999999995
43,6,98.06
8,63,1012.9000000000003
108,67,241.47999999999996
6,126,1218.5099999999998
63,127,465.55
68,7,680.02
47,32,130.01
30,25,315.84
7,20,348.57000000000005
8,13,206.36000000000004
68,28,457.14
15,119,853.7300000000009
80,5,76.8
30,146,2247.559999999999
8,61,255.42999999999998
31,31,244.79999999999995
10,17,317.56
13,115,1868.08
2,216,3861.6300000000024
169,53,273.78000000000003
21,65,1168.8599999999997
113,21,334.53999999999996
113,21,419.57000000000005
7,8,6407.12
177,8,124.57
83,7,133.62000000000003
173,23,393.74000000000007
1,53,895.5500000000002
9,44,878.63
33,24,347.29999999999995
77,48,747.0300000000003
7,32,407.66000000000014
23,20,705.35
126,36,259.0099999999998
91,18,297.95000000000005
35,26,166.67000000000004
2,109,2125.2499999999995
12,107,609.5099999999998
17,182,3946.810000000001
75,13,176.94
56,80,1068.9599999999998
61,47,918.9799999999999
16,5,106.56
111,78,768.8
21,11,2524.0200000000004
44,31,954.8999999999997
96,75,1235.6200000000003
13,859,2665.9199999999987
14,15,239.46
19,35,659.4599999999999
48,20,607.5900000000001
8,85,2127.59
12,100,460.88999999999993
50,24,197.85
8,185,3425.7099999999996
6,185,6333.069999999998
0,50,1559.4999999999998
50,93,2198.159999999999
9,3,216.9
106,10,300.1
45,62,950.93
8,30,873.1
111,20,347.94000000000005
0,13,1463.0399999999995
3,49,230.88999999999996
160,7,168.10000000000002
42,138,3129.5999999999995
157,6,131.45
66,19,420.5
159,15,497.9
68,29,454.10999999999984
50,33,556.78
0,116,756.03
162,10,190.53000000000003
62,238,1564.6900000000012
90,16,357.68
111,3,537.0
43,30,1992.1100000000006
21,23,378.64
2,65,1191.1299999999999
25,70,585.63
62,24,518.4200000000001
35,15,229.63999999999993
10,28,470.7600000000001
64,25,305.87000000000006
1,151,3110.1400000000012
86,17,111.14999999999999
48,11,279.94
141,44,161.02999999999997
12,67,920.0499999999996
1,68,1652.83
70,34,578.4500000000002
139,37,221.73000000000005
98,56,539.02
69,2,118.80000000000001
5,3,100.9
103,1,51.0
1,8,966.0
29,24,417.56
173,7,502.9
29,33,621.5199999999999
2,164,1201.4900000000002
114,45,347.75000000000006
9,254,2357.5500000000025
178,14,410.6
143,6,910.0
29,31,1375.7100000000003
14,18,608.0999999999999
62,18,425.4800000000001
12,37,1243.41
151,12,155.05
6,56,1571.8899999999996
15,98,496.77999999999986
21,31,2514.6900000000005
47,1,20.8
66,69,1080.7600000000004
145,12,375.09999999999997
47,14,161.0
35,64,420.44999999999993
41,109,823.9699999999996
9,31,562.2
13,7,211.3
132,5,120.0
9,62,163.07
61,41,1393.3499999999997
34,10,183.70000000000002
62,33,123.06000000000003
10,23,307.0899999999999
8,60,992.5000000000002
64,164,1287.01
28,100,1667.1199999999992
15,10,160.19
91,40,898.1700000000002
34,141,637.6300000000002
153,13,127.1
30,9,174.9
14,25,537.8299999999999
66,31,635.1100000000002
170,13,189.47
99,43,1555.5000000000002
12,109,2299.24
15,36,744.8500000000003
35,15,62.43
16,86,484.37999999999977
44,41,637.3100000000002
106,35,547.06
83,6,105.1
13,187,1392.9700000000003
138,80,310.63999999999993
15,210,1274.3699999999992
6,106,1458.6600000000003
14,86,1586.9000000000008
166,8,135.0
64,63,1048.67
2,52,1008.0599999999998
48,88,1630.4599999999998
2,24,114.34
50,31,621.75
47,58,1562.1200000000001
104,31,682.7699999999998
27,70,1000.2299999999997
146,37,1837.9199999999996
115,17,333.97
33,5,111.14999999999999
7,26,335.74
34,10,216.4
40,22,1014.6399999999999
139,13,309.4
63,9,158.03999999999996
8,304,2372.699999999999
17,191,1370.4400000000007
107,32,542.2
55,8,835.8500000000001
172,6,152.2
0,143,780.5799999999998
91,8,111.0
106,7,115.5
2,83,404.66
8,124,746.8299999999999
30,70,1483.9500000000003
19,76,497.42999999999984
68,27,773.0300000000002
31,18,520.9800000000001
26,44,312.0100000000001
70,141,2117.5299999999997
138,6,105.0
145,5,78.21000000000001
129,15,303.75
91,13,842.9999999999999
179,13,206.21
66,20,306.78
96,42,748.8700000000002
138,46,681.6400000000004
37,175,727.7399999999996
58,23,333.08000000000004
105,70,291.5300000000001
27,19,427.3
89,37,205.48000000000002
86,13,239.4
111,80,1736.4499999999994
55,14,149.89
6,69,1190.1900000000003
36,12,117.47
10,10,1142.8100000000002
29,3,144.0
61,274,2108.7500000000014
100,36,490.9599999999999
1,11,214.45
43,45,2564.8900000000003
2,20,361.62
85,115,891.5800000000004
72,2,358.0
22,133,1833.0900000000006
2,32,438.2
13,218,1066.7900000000016
91,1,138.24
10,94,369.1699999999999
63,76,1250.8799999999999
71,15,668.1800000000002
63,59,891.1200000000002
7,103,821.13
27,24,594.7299999999999
19,33,491.86
12,11,478.12000000000006
19,100,836.1899999999999
2,104,2176.59
5,146,887.8000000000002
110,18,343.49999999999994
171,17,445.27000000000004
23,9,746.9200000000002
42,13,157.7
56,61,1852.6699999999996
69,11,126.3
161,9,116.28000000000002
164,44,192.85000000000005
1,98,1478.24
127,16,260.04
152,13,104.76
69,5,259.6
41,56,556.8499999999999
19,17,184.26000000000002
51,102,2244.3700000000003
40,13,206.66
36,19,293.77
27,4,56.0
154,8,113.4
13,91,871.5399999999998
66,23,329.34000000000003
1,106,1929.0400000000002
21,6,103.3
37,39,731.5
90,9,114.00000000000003
6,3,52.739999999999995
72,13,52.83000000000001
0,113,1789.6199999999992
14,11,450.95000000000005
150,15,149.64
37,30,1066.96
117,7,134.65
40,6,463.8
6,62,1149.1099999999997
12,53,595.22
136,48,152.68000000000006
163,89,664.0299999999996
44,53,161.94
63,19,894.5
13,102,2139.4100000000008
90,33,744.72
15,18,346.12
63,24,937.41
14,98,1368.1799999999994
51,13,714.96
124,7,1639.27
79,54,341.7800000000001
2,160,1245.7500000000011
5,15,1045.98
117,90,1725.15
38,84,604.8299999999996
118,22,299.56
131,23,338.99999999999994
6,210,1250.7600000000014
19,217,1842.5599999999995
110,7,185.9
66,15,288.24
111,42,1206.2999999999995
14,31,503.76
26,89,912.7600000000001
44,67,720.3799999999999
88,24,380.5
0,273,9588.749999999998
25,18,348.15000000000003
8,95,2014.47
30,13,301.32000000000005
12,14,358.96
172,128,2225.3700000000013
5,109,1374.5800000000002
31,31,413.07
63,11,567.36
56,1,314.55
35,21,326.24000000000007
1,186,1424.9600000000014
9,18,327.3
45,42,257.87999999999994
2,126,10687.98
8,123,497.0899999999996
8,131,440.78
110,5,93.89999999999999
50,21,288.14
77,35,703.3599999999998
6,77,3812.5800000000013
63,33,446.18
81,60,169.79000000000005
80,25,1764.7199999999998
13,45,661.32
8,13,161.67000000000002
178,16,261.36
81,34,652.24
62,13,210.17999999999998
35,62,570.96
3,70,1577.5199999999998
14,32,476.58000000000004
69,31,828.3899999999999
134,10,185.55
178,6,199.85000000000002
81,29,302.36
5,123,2222.219999999998
154,2,32.65
143,6,183.48000000000002
26,150,1213.1600000000003
173,69,219.13999999999996
14,36,584.6599999999999
13,92,1798.4099999999999
150,11,328.8
69,36,777.1999999999999
66,98,884.1400000000002
62,51,743.5300000000003
17,15,368.45
71,42,768.2400000000001
6,11,215.47999999999996
66,11,193.39000000000004
55,26,506.18999999999994
0,113,286.4799999999999
47,185,2238.7700000000004
126,3,60.7
53,44,629.3999999999999
44,13,384.08
14,43,3236.6600000000008
17,68,886.5
173,23,428.88999999999993
111,4,777.6
7,12,185.46
64,4,152.20000000000002
19,123,514.82
120,8,133.35000000000002
80,9,865.0
30,11,251.87
111,7,71.0
13,52,939.9899999999999
37,11,130.74
2,91,507.0799999999998
12,21,349.7
84,13,274.74
91,23,511.39
99,27,84.68999999999998
56,16,311.3
1,29,1127.7100000000003
5,145,671.7699999999994
0,10,642.32
7,85,1524.7399999999996
10,3,90.30000000000001
8,222,2982.2699999999995
80,59,1152.0500000000002
30,28,642.9100000000001
59,17,470.35999999999996
48,57,1002.3099999999998
116,18,329.57
13,129,805.6199999999998
25,90,1613.59
12,14,228.99
72,32,1240.1000000000004
9,4,97.5
8,8,95.34
171,11,144.06
0,481,1781.5400000000013
1,322,7329.360000000008
60,29,311.71
8,95,834.9899999999998
5,4,345.9
20,4,81.44
15,11,671.6
12,81,1614.31
7,104,2581.7400000000002
1,34,1243.68
100,118,1841.74
30,19,317.81999999999994
13,5,477.12
43,2,298.0
94,9,178.7
1,53,182.76999999999998
28,165,3133.2900000000004
81,59,193.1399999999999
143,10,256.38
116,7,121.4
5,67,922.96
133,10,325.7
82,189,3248.6599999999994
8,5,291.6
9,29,260.68
132,15,283.12000000000006
2,193,3368.2000000000007
20,62,1527.9600000000003
16,166,4260.869999999998
14,10,171.19
99,263,5480.979999999999
9,28,518.3599999999999
14,14,80.19999999999999
76,72,813.4599999999999
20,74,951.4599999999999
97,6,335.52
57,34,560.67
14,38,4083.3600000000006
167,10,189.5
26,14,475.0
54,75,267.0
1,104,1996.8999999999999
5,163,1556.0600000000018
25,57,945.3299999999997
126,19,254.82000000000002
0,93,1818.4400000000007
61,6,74.4
106,9,142.68
34,41,225.77000000000012
10,99,637.89
21,9,175.4
170,29,187.14000000000007
36,94,1472.6699999999987
31,165,719.7799999999997
78,14,266.97
62,17,216.84999999999997
2,213,911.1500000000001
0,61,350.63999999999993
8,37,616.26
41,48,903.9000000000001
182,23,425.25000000000006
76,8,52.21999999999999
63,17,2062.06
15,18,382.44
51,150,1036.3400000000004
98,153,549.0699999999998
120,1,79.2
44,324,3262.4
43,14,281.42
3,85,336.16999999999985
47,20,729.6
65,53,876.4400000000002
64,10,512.31
29,60,1096.5599999999997
138,29,187.91999999999996
128,26,194.9
8,30,359.65
12,108,1502.3500000000001
20,151,1479.5199999999993
34,15,239.41
7,143,1928.0900000000001
106,45,1610.1499999999996
13,64,2573.13
163,42,131.98000000000005
45,108,750.2
6,521,2533.079999999999
51,57,302.59
61,46,721.7499999999999
1,114,576.7900000000002
8,25,501.12
3,47,1056.8799999999999
15,192,1404.7099999999998
97,20,273.86
9,35,632.0500000000001
28,8,1654.8300000000002
3,26,352.69
15,29,2339.88
72,53,4366.779999999999
14,39,689.6
40,24,731.6899999999999
21,85,1292.2100000000003
43,11,1854.3599999999997
20,88,659.9699999999996
0,312,1838.9799999999982
133,32,157.70999999999995
6,57,1316.3899999999996
63,19,292.70000000000005
111,25,114.23
17,100,1346.3800000000003
12,122,2555.4600000000005
9,58,426.60999999999996
163,20,532.94
0,455,1323.2600000000027
129,50,178.80999999999997
8,50,323.82
25,47,1010.5999999999999
100,144,611.5399999999996
48,16,243.83999999999997
20,16,264.96000000000004
51,93,2050.56
172,2,35.400000000000006
85,60,822.2900000000001
144,16,349.34999999999997
33,14,239.46
31,40,1026.04
3,93,974.0399999999995
42,43,1842.02
0,189,3563.1099999999997
115,32,673.1000000000001
33,107,1412.0000000000005
44,5,109.36000000000001
65,49,358.9000000000001
8,18,314.77
12,24,909.0899999999999
55,165,1045.0200000000002
143,7,122.69999999999999
78,44,570.19
0,44,2593.9400000000005
20,51,1080.03
155,66,1452.35
19,25,522.79
48,369,6100.740000000002
22,69,318.65000000000003
43,41,1226.8
31,83,2210.11
70,20,322.8
31,25,605.21
38,41,167.4200000000001
113,1,320.0
14,14,305.21999999999997
5,249,8404.130000000003
178,3,404.40000000000003
1,7,213.96000000000004
28,35,548.25
22,71,1309.8399999999997
163,22,303.93
27,96,1436.4100000000005
17,27,164.34
0,23,389.6000000000001
64,9,173.89999999999998
13,104,2501.129999999999
34,21,399.18999999999994
96,18,227.20999999999998
14,41,775.68
3,25,493.36
9,103,1199.2100000000003
141,1,3861.0
15,14,195.24999999999997
85,30,161.38000000000002
15,31,279.77
20,145,989.4699999999998
56,25,565.9800000000001
15,447,60551.99000000001
7,20,332.21000000000004
110,6,275.4
36,35,3113.960000000001
41,29,455.67
8,35,1383.68
58,19,310.47
19,53,749.0799999999999
62,25,659.41
55,18,270.03000000000003
14,281,4618.549999999998
151,7,110.7
2,43,546.0399999999998
66,36,496.9700000000001
27,7,109.80000000000001
21,74,1228.8300000000006
63,3,457.56
163,1,500.0
72,39,775.2899999999996
43,26,396.96999999999997
5,446,3233.6200000000013
71,12,301.56000000000006
10,97,238.85000000000002
12,95,413.4199999999999
63,38,657.8100000000001
36,50,810.5699999999999
82,13,296.64000000000004
88,3,358.5
0,54,1244.6600000000003
1,22,570.9999999999999
150,10,180.6
0,619,7417.269999999997
9,50,600.68
1,86,3515.759999999998
10,45,782.8900000000001
28,92,1443.7600000000002
97,1,17.0
125,21,340.79999999999995
7,135,1017.1400000000001
68,29,114.18000000000002
37,14,113.27000000000001
61,2,30.75
6,1,49.8
61,45,667.6499999999999
147,5,103.25000000000001
22,32,1841.92
8,51,131.78000000000006
31,158,809.4999999999994
152,34,285.28000000000003
69,23,318.67
62,2,105.0
33,35,260.16999999999996
41,17,386.43
10,56,225.35999999999993
78,21,505.06
19,12,191.04000000000002
12,66,1579.9799999999998
98,19,303.09
105,7,124.93
10,56,903.3300000000002
61,16,294.28999999999996
21,17,418.06000000000006
1,10,164.57000000000002
34,145,645.9599999999999
174,1,18.72
17,23,312.91
10,32,550.7700000000001
110,18,225.78
173,16,174.37
111,15,346.39
97,10,725.6400000000001
34,280,4834.200000000004
1,31,3794.9700000000007
116,26,1148.68
161,67,180.35000000000002
40,87,1367.9499999999998
120,25,148.21
68,11,61.58
51,4,196.8
106,40,494.1700000000002
115,20,300.05
1,78,2879.7000000000003
28,49,433.28
13,136,2766.5099999999998
38,74,1395.8400000000001
111,42,428.88999999999993
16,86,1134.8999999999994
2,13,279.05
63,10,248.61
79,189,1522.3100000000002
114,2,1282.0
62,77,706.86
8,3,75.0
2,57,867.6100000000001
156,9,183.24
47,39,1006.56
117,14,141.86
20,9,172.25
1,3,594.0
5,337,1499.3800000000017
155,18,333.65000000000003
172,71,445.90999999999985
65,58,1142.8799999999999
26,14,309.52
17,36,924.54
33,18,296.07
57,53,1068.8299999999995
6,16,2771.7
160,51,157.94000000000003
17,131,1179.3399999999997
118,27,466.2
6,149,3116.0499999999993
14,161,1370.8700000000003
2,76,1285.6500000000003
161,9,313.08000000000004
12,89,739.4999999999995
47,28,244.10000000000002
103,9,139.26
31,40,501.6699999999999
131,26,325.44
101,1,358.0
70,98,1739.0499999999997
15,48,7632.3200000000015
68,3,34.8
16,197,10414.469999999998
37,65,313.40000000000003
85,5,297.0
0,41,5630.219999999998
44,7,165.04999999999998
8,5,1138.0
55,8,72.0
15,49,619.9300000000001
8,18,309.6499999999999
7,9,171.95
80,6,87.78
20,143,2845.0800000000017
15,149,3453.930000000001
0,26,337.4899999999999
124,23,520.8
51,56,206.83000000000007
162,2,88.3
3,432,2277.879999999998
173,8,287.4
5,36,421.5200000000001
13,6,93.44
1,4,75.0
56,13,270.40000000000003
3,140,1994.5399999999997
78,30,563.15
15,43,1288.0000000000002
56,33,298.88
0,101,3439.4100000000008
79,37,511.81
125,8,238.56000000000003
2,15,127.85999999999999
8,22,1.2434497875801753e-14
119,9,391.5200000000001
23,55,447.4299999999999
8,3,4838.4
6,21,271.20000000000005
54,91,741.4699999999999
44,20,351.13000000000005
124,7,115.8
29,16,374.75
59,12,738.4699999999999
80,5,125.80000000000001
114,76,824.6199999999999
62,24,923.0400000000001
7,19,934.0799999999999
154,3,508.8
20,24,431.25999999999993
98,18,213.55000000000004
1,87,1576.559999999999
27,9,303.79999999999995
168,10,302.46000000000004
5,58,741.7499999999998
33,113,1774.0200000000011
10,236,1314.6800000000003
57,12,110.97
76,28,508.8000000000001
13,27,786.0199999999999
34,6,99.44
13,111,757.4599999999996
16,69,1025.4399999999998
128,27,2007.4
111,10,312.00000000000006
30,80,1505.0300000000004
178,44,1208.31
53,85,822.2000000000004
82,21,337.74
34,27,447.65999999999997
2,257,3543.0600000000004
61,20,808.26
37,67,1021.5000000000002
9,75,1243.9099999999999
179,3,75.9
9,7,186.01000000000002
27,65,831.0600000000002
13,31,563.6
36,90,1661.0700000000002
55,114,11056.930000000004
169,13,305.51
50,7,126.14
146,42,361.10999999999996
17,184,690.5399999999996
57,25,431.49
23,118,1885.8400000000001
161,33,246.23000000000002
164,25,125.01
36,84,1435.6599999999999
10,29,582.6
89,4,69.3
43,42,779.5400000000001
36,47,189.39999999999995
13,33,852.15
8,201,3862.329999999999
1,6,185.12
103,13,168.71999999999997
36,25,456.84000000000003
72,2,358.0
50,25,917.07
0,21,582.8999999999999
48,45,995.6500000000002
12,39,178.91999999999993
143,4,0.0
2,81,2128.9600000000005
2,108,679.4300000000001
161,8,135.75000000000003
14,6,148.86
98,27,659.85
99,14,654.15
23,6,149.05
14,190,3744.960000000002
2,3,399.5
101,1,52.0
2,12,227.10000000000002
65,16,250.38000000000002
115,2,9.2
111,22,329.25
173,9,312.98
31,312,1111.7899999999993
76,44,163.88999999999996
19,130,1354.1999999999998
10,32,338.71000000000015
150,15,102.00000000000001
15,49,430.9000000000001
44,5,119.62
40,28,413.59
23,10,178.38
0,57,1200.95
118,28,484.95
89,17,119.15000000000003
49,14,218.28000000000006
43,7,424.35999999999996
41,89,1254.8399999999997
150,17,162.70000000000005
0,28,689.0999999999999
27,1,10.0
80,30,429.84
12,74,1107.4600000000003
138,1,358.56000000000006
19,32,166.42000000000002
48,20,319.51000000000005
6,87,1383.4899999999998
13,27,598.1999999999998
41,20,413.6000000000001
5,47,261.11000000000007
55,20,313.45000000000005
5,151,2665.5499999999997
8,93,2146.8199999999997
64,33,974.7199999999999
160,5,86.31
34,16,488.40999999999997
105,64,312.13999999999993
42,8,415.82
88,34,473.02
80,31,327.15000000000003
59,37,309.49999999999994
152,26,557.56
15,141,2124.4099999999994
63,6,513.2
30,14,179.70999999999998
42,34,1242.04
0,91,903.6399999999996
21,11,204.60000000000002
91,23,292.68000000000006
20,54,752.4700000000004
0,195,4362.380000000003
144,22,353.47999999999996
104,6,313.61999999999995
6,70,1059.3900000000003
135,166,613.1300000000003
50,21,363.95
1,122,4647.380000000001
86,51,887.2899999999998
0,158,2676.9399999999996
173,24,391.97999999999996
21,6,568.8000000000001
37,51,982.72
141,7,335.2
34,32,236.09000000000006
50,3,1873.2
69,2,48.480000000000004
6,18,220.61999999999998
16,37,664.5800000000002
62,45,957.9699999999999
12,96,2043.1699999999998
0,14,172.63
22,72,1158.2699999999995
13,96,1644.7799999999997
6,6,129.5
156,4,248.7
10,74,546.9499999999999
22,19,262.15999999999997
14,93,378.17999999999995
152,8,122.10000000000002
104,31,612.0600000000001
41,35,1937.0199999999998
12,58,1110.7500000000002
25,39,256.6600000000001
14,462,4283.72
12,112,422.8800000000001
25,257,2063.560000000003
103,34,668.5799999999997
17,23,173.44000000000003
26,146,2332.7299999999996
96,32,163.8
44,1,417.59999999999997
62,16,243.56000000000003
22,179,3665.95
63,32,219.03
50,16,312.21999999999997
5,38,191.3199999999999
6,32,537.48
3,127,935.2
7,19,364.7199999999999
75,23,410.48
56,38,1010.5600000000003
16,55,834.57
14,45,705.8099999999998
173,14,233.76
104,16,138.97999999999996
128,5,337.5
113,18,309.79
17,90,533.6299999999999
118,7,104.9
3,105,442.8499999999999
160,21,338.83999999999986
50,26,362.8999999999999
174,5,183.36
181,38,319.4
13,12,176.45000000000002
22,5,252.1
59,14,214.70000000000005
23,53,830.98
152,34,203.85999999999993
25,17,413.85
17,72,1031.3999999999999
147,21,307.72
13,37,575.5400000000001
14,182,650.4300000000004
96,37,581.8200000000002
79,44,572.98
13,12,306.74999999999994
48,74,1408.9399999999996
98,4,112.10000000000001
77,3,117.24000000000001
16,44,905.26
146,31,187.29000000000005
27,79,1484.7699999999995
177,31,394.14000000000004
72,5,92.35000000000001
58,10,268.58
129,17,884.2
0,10,275.56
157,126,389.80999999999983
6,221,1859.590000000002
17,83,586.8299999999998
111,10,484.7999999999999
152,1,306.0
14,2,256.32
81,62,324.24
104,10,581.5
29,5,22998.4
14,47,903.48
7,88,1952.4499999999998
40,4,391.7
5,54,1533.4299999999994
164,7,191.93999999999997
2,157,3302.7099999999996
40,79,1609.22
36,23,212.54000000000005
0,123,1570.1899999999998
22,110,1803.76
124,15,111.16000000000003
35,36,267.13
14,19,170.55999999999997
86,6,92.72
25,29,569.51
108,31,485.19000000000005
10,72,1382.7400000000002
29,28,578.7
171,2,82.8
57,28,156.22
43,10,208.75000000000003
141,1,51.0
45,50,157.39000000000001
21,296,1838.6700000000005
6,6,93.78
60,1,175.2
20,7,93.66
150,22,117.54999999999998
100,11,230.98
48,185,4715.760000000004
111,26,481.75
70,22,402.56
3,114,302.09999999999997
37,17,884.76
35,26,409.78
15,45,388.1399999999999
180,87,841.3699999999999
70,14,194.36999999999995
10,89,1501.3799999999997
163,20,170.04
16,124,1937.2500000000002
63,38,394.1399999999999
19,60,975.18
2,40,905.04
86,13,459.4
10,11,170.32000000000002
30,5,79.2
42,16,307.78
36,88,1525.36
25,30,832.82
65,34,482.47
42,144,502.08999999999975
64,47,789.8899999999996
0,133,2613.4099999999994
69,6,159.0
2,33,540.07
43,222,2292.199999999999
9,21,340.11000000000007
42,6,112.46
66,14,400.68
113,40,805.1099999999998
8,98,7895.059999999999
1,9,152.32
62,77,1490.2400000000002
68,12,656.86
5,17,125.22
97,2,284.55
0,2,273.0
23,8,346.76
30,15,253.04999999999995
17,194,815.32
63,30,512.5
51,4,20.599999999999998
64,14,180.95000000000002
37,47,1487.3100000000004
181,61,751.1999999999999
132,18,330.45
9,52,865.3000000000002
12,16,115.05000000000001
7,74,1339.6299999999999
10,116,649.9699999999997
1,116,2575.749999999999
9,33,189.87000000000003
50,143,3435.3299999999986
16,16,59.64000000000001
16,63,1330.849999999999
6,148,1991.1299999999994
59,64,1260.4399999999998
0,71,1299.92
10,20,285.56
89,38,1101.12
19,28,406.16
110,9,113.67
7,116,1459.2700000000007
5,83,735.5299999999996
6,227,3920.9999999999995
12,24,319.82
34,6,778.0
171,33,312.62
5,206,4352.590000000003
113,19,443.0
51,11,200.14000000000001
50,10,106.1
152,5,582.0
38,54,615.9099999999999
19,92,919.43
42,156,2232.230000000001
36,108,1198.1700000000008
8,36,753.0200000000001
59,16,238.85
164,12,134.1
23,40,793.8799999999999
59,34,801.6
54,22,236.78000000000003
155,22,365.2900000000001
10,58,1083.4299999999996
12,121,2420.0400000000013
7,42,960.7399999999998
26,8,185.64999999999998
142,466,2521.760000000004
174,29,303.93
31,55,912.7800000000001
10,295,1082.0100000000007
48,9,290.84
142,76,354.0899999999999
45,63,197.41
72,35,939.63
38,85,538.6999999999999
82,134,2609.400000000002
7,146,2624.260000000001
5,17,279.75000000000006
1,161,2915.110000000001
37,72,492.8400000000001
169,6,123.13
125,25,425.31999999999994
3,133,775.9699999999996
142,38,677.7
3,279,3584.319999999999
86,33,590.14
154,42,917.8100000000001
20,82,1788.1000000000008
29,8,153.9
118,14,266.4
16,377,1067.92
0,41,1058.2299999999998
1,9,144.91
35,50,221.97000000000003
34,19,712.5000000000001
7,16,1105.0
179,12,123.10000000000001
145,24,365.05
50,79,1475.1399999999999
70,31,504.84
96,2,185.9
30,85,1656.13
27,27,459.3
3,38,379.78999999999996
49,51,397.64999999999986
134,3,90.0
3,52,426.72999999999996
12,11,169.55
173,28,496.4399999999999
41,44,749.0999999999998
25,134,2569.21
35,84,529.36
7,223,3603.74
9,14,60.00000000000003
0,54,1025.81
1,41,763.2800000000003
81,29,293.62000000000006
168,51,166.55999999999997
9,3,43.2
31,39,358.15000000000003
65,2,74.9
107,25,411.7000000000001
1,27,464.56999999999994
80,14,168.12
76,104,607.45
36,35,690.0999999999998
8,75,467.06000000000006
142,28,568.4200000000001
25,9,156.01999999999998
63,67,283.4699999999997
31,41,507.66000000000014
76,32,0.0
111,28,603.7499999999998
177,10,129.49
6,26,460.64
23,39,632.38
125,12,306.34999999999997
99,104,1573.9800000000005
45,26,476.91
147,20,396.88
13,29,149.29000000000005
167,191,716.2700000000003
0,55,1868.92
14,49,245.03000000000003
124,22,375.0
142,9,153.16
173,22,295.93
61,30,618.59
143,29,600.3900000000001
21,99,1509.1799999999998
15,57,902.5300000000001
20,113,1927.5799999999995
139,24,453.74999999999994
7,18,381.02
54,6,98.79
163,49,880.8500000000004
65,13,544.0799999999999
61,10,148.27999999999997
124,10,185.56
47,152,1351.3899999999999
2,52,996.3699999999999
16,167,5305.829999999999
13,24,530.52
25,111,903.3000000000001
101,15,404.34
12,57,1116.4699999999996
163,10,149.01
81,8,557.6200000000001
26,4,213.28
16,236,1074.0799999999995
41,9,218.55
27,3,121.17000000000002
147,1,85.0
21,13,299.34000000000003
58,10,217.16000000000003
142,45,146.26000000000008
20,143,2109.0699999999997
63,25,605.8
42,76,1677.6700000000003
164,12,404.40000000000003
6,65,409.4099999999999
13,64,177.90999999999994
15,110,781.2799999999999
34,11,347.0
17,131,1071.2299999999996
6,58,518.42
16,25,472.6
104,76,371.56
167,14,238.65000000000003
13,41,161.20000000000002
66,20,233.89
2,57,650.43
76,28,494.24999999999994
17,27,632.97
146,9,368.90000000000003
45,22,248.31
41,32,565.1499999999999
125,8,643.9
0,285,6356.420000000001
16,42,600.07
173,20,340.9
113,2,91.32000000000001
107,45,905.5
54,55,598.9999999999999
0,68,1364.3000000000004
152,14,298.93
159,30,570.61
71,27,384.14
19,34,827.5099999999998
33,73,1385.08
43,591,15570.08
1,76,1199.2799999999997
104,22,339.44
154,12,311.65000000000003
125,1,244.8
56,6,95.94000000000001
12,121,1638.6400000000003
72,18,278.69
50,40,559.6500000000001
1,57,1350.1399999999996
8,31,3204.16
61,208,1521.7600000000002
41,16,443.6
150,14,217.2
76,13,258.83000000000004
5,60,1455.29
14,41,418.94
80,21,431.59
118,42,499.6799999999999
9,53,652.0699999999999
172,64,292.34000000000003
44,30,-5.684341886080802e-14
116,8,511.30000000000007
180,20,136.77
143,25,1080.48
48,21,324.14000000000004
86,40,896.47
124,5,406.0
58,158,3399.650000000002
119,97,684.4100000000003
36,135,3539.04
71,55,347.20000000000005
0,164,3636.2299999999996
82,160,3086.7099999999978
110,12,385.89000000000004
9,179,2224.0600000000004
97,15,628.3799999999999
96,3,162.48000000000002
15,10,695.91
8,25,199.48
126,69,1109.81
73,15,115.46000000000002
149,8,102.11999999999998
12,267,2094.810000000001
27,51,695.2499999999999
51,24,397.9800000000001
141,15,218.53000000000006
40,64,1694.2900000000002
2,15,213.30000000000004
17,78,563.7699999999996
36,154,643.5499999999998
115,27,674.08
53,36,627.1500000000001
107,87,353.8599999999999
62,87,1090.1000000000001
10,11,201.0
40,62,1243.28
8,36,888.4200000000002
16,32,622.93
43,20,917.34
10,215,999.7600000000006
43,92,2995.12
19,4,1535.52
73,65,652.6200000000003
17,17,228.91
49,186,769.8699999999995
16,32,698.2299999999998
97,36,569.1300000000001
75,74,1347.9000000000003
149,8,229.4
25,139,2410.98
63,12,142.95
103,14,194.82
147,6,122.75999999999999
107,61,1000.1599999999997
65,43,605.1200000000001
114,10,242.84
21,13,245.32999999999998
16,74,1033.44
172,29,225.17000000000002
1,167,2740.4300000000017
44,35,669.38
8,20,251.69999999999996
140,11,179.17
50,83,1554.37
57,27,239.49000000000004
34,38,983.2299999999998
178,36,173.12
37,24,563.0600000000001
1,123,1530.749999999999
43,64,941.3399999999999
15,49,454.0099999999999
13,32,326.75000000000006
152,11,311.07000000000005
42,111,4948.5800000000045
75,24,371.01
33,56,338.80000000000007
118,14,118.75
2,63,2919.809999999999
7,116,363.8799999999999
69,47,896.7099999999999
33,12,169.48000000000002
78,57,398.84
106,6,877.4399999999999
107,33,236.68999999999997
114,163,708.9099999999999
10,43,759.1699999999995
82,23,352.46999999999997
15,35,1962.3000000000002
98,58,1467.53
155,28,492.94
19,92,413.75000000000006
27,13,516.4200000000001
44,96,1383.9199999999992
7,12,194.41
31,6,114.11
38,141,586.5000000000003
65,15,225.76
29,29,344.13999999999993
15,22,631.69
171,17,244.41
73,29,1708.2400000000002
14,248,2238.070000000001
71,11,49.09999999999999
66,60,1485.2399999999998
117,82,827.3700000000002
50,75,897.6200000000003
58,13,223.95
64,61,1200.7099999999998
48,30,480.50000000000017
36,26,1500.04
7,16,392.40000000000003
13,121,3063.100000000001
0,50,805.5699999999998
81,87,292.3199999999999
10,59,622.43
10,27,158.03000000000003
3,48,733.1099999999999
13,50,798.8399999999999
1,24,401.90000000000003
0,10,160.18
51,56,437.22999999999985
15,17,310.1
50,19,110.38000000000001
80,15,270.90000000000003
65,6,149.34000000000003
0,182,1176.2500000000011
73,184,2465.419999999999
15,63,1786.2800000000002
63,11,1773.65
61,5,199.8
13,164,979.2600000000004
109,49,151.83
57,12,108.42
17,11,175.31
40,47,1056.16
10,119,1913.7999999999995
22,22,1114.05
129,26,693.37
27,9,231.3
1,216,2381.040000000002
107,14,234.17
63,4,112.32
10,281,2401.869999999998
80,25,413.06
34,8,122.13000000000001
7,4,107.76
107,17,367.80000000000007
19,8,139.10000000000002
37,36,219.11999999999998
168,33,151.42
0,57,869.4599999999999
36,39,789.4899999999999
29,17,252.42000000000004
172,59,193.42000000000007
115,16,707.3100000000001
50,42,355.5300000000002
26,1,158.4
23,26,291.53999999999996
80,25,565.6600000000002
16,199,1646.9200000000012
17,53,777.07
56,78,1148.4799999999998
56,5,370.79999999999995
17,69,398.27000000000004
48,156,3464.3999999999996
40,61,155.3700000000001
100,9,151.98
61,8,341.36
25,39,1673.6
8,293,4498.300000000001
12,57,276.41999999999996
64,29,374.71999999999997
28,10,333.2
8,106,874.2500000000005
1,42,1621.7299999999998
3,151,437.7999999999997
7,102,1521.8700000000001
0,151,1252.6499999999999
33,11,219.39
105,8,613.44
145,6,141.17
13,28,570.56
2,40,443.36
122,15,765.3199999999999
13,1,99.0
134,1,49.470000000000006
19,6,290.5
7,19,388.52000000000004
19,6,197.64000000000001
5,92,2068.99
10,11,192.19
149,5,192.5
91,14,979.6400000000001
105,31,492.19999999999993
97,54,746.3600000000001
48,212,867.1099999999998
14,200,4162.230000000004
43,65,1193.32
78,21,364.5
31,46,542.73
147,14,248.06000000000006
38,32,211.87999999999994
3,182,1261.7799999999997
160,7,137.45
40,9,154.88000000000002
30,8,243.94
22,102,1749.3600000000006
25,20,386.37
29,4,1475.6999999999998
29,70,2963.509999999999
0,21,922.5300000000002
171,35,545.99
10,47,348.7299999999999
110,3,105.60000000000001
9,65,396.9199999999999
98,15,253.31000000000003
5,57,999.6599999999997
43,53,650.51
14,11,223.85000000000002
149,10,228.83999999999997
8,201,1479.22
30,59,1084.05
65,140,1770.5600000000013
160,15,305.54999999999995
73,9,895.9999999999999
38,37,463.04000000000013
20,31,314.1600000000001
119,7,108.5
98,119,699.0800000000002
75,31,922.4700000000004
0,140,1391.2899999999988
75,48,984.5699999999998
51,53,850.8499999999999
58,18,282.92999999999995
110,56,321.6099999999999
16,55,289.82
20,262,4279.710000000004
30,30,768.8100000000002
88,3,359.28
40,16,274.15000000000003
60,14,123.74000000000001
6,2,163.2
98,13,244.64999999999998
44,13,131.94000000000003
111,10,67.64999999999999
117,6,90.6
49,39,254.10999999999996
25,58,1031.0699999999997
41,1,56.160000000000004
30,13,427.92999999999995
115,33,322.96
68,13,496.36000000000007
8,60,1213.4
6,290,3598.870000000005
98,35,583.6199999999999
25,37,668.4100000000001
43,92,1411.4400000000007
6,55,282.18999999999994
23,145,2466.4000000000005
35,48,771.8800000000001
50,95,5396.420000000002
51,11,215.83
96,23,157.18
2,202,1142.9399999999994
75,33,1195.1799999999998
0,198,1487.8000000000013
106,9,145.9
88,25,122.53999999999999
9,72,509.57999999999976
29,23,352.51000000000005
15,52,718.08
94,282,3178.649999999999
0,534,1533.3800000000003
118,27,487.51
8,147,3097.969999999999
6,32,415.2500000000001
12,1,613.1999999999999
41,16,376.90000000000003
5,80,1550.13
63,11,309.48
164,1,163.2
62,28,451.43999999999977
68,51,795.12
5,55,1074.1100000000001
68,22,315.30999999999995
88,26,982.0699999999997
161,27,361.28
8,68,4704.59
55,33,124.14999999999999
26,20,310.26
111,8,180.48000000000002
51,12,181.09
41,70,1070.65
13,10,1597.36
7,26,592.7700000000001
132,19,1271.8100000000002
62,23,224.14000000000007
101,78,805.8199999999998
36,134,10736.47999999999
42,26,603.0500000000001
57,14,112.55
136,25,216.36999999999995
69,34,514.1299999999999
42,13,298.4
48,23,1090.14
12,66,197.6300000000001
71,13,513.36
7,406,5678.38
15,42,703.4700000000001
8,49,839.1400000000002
173,10,187.35
28,2,128.8
17,131,626.07
159,17,297.36
171,5,124.2
98,2,1280.0
145,85,1709.8900000000003
37,16,193.05
136,86,614.8699999999998
168,9,112.10000000000001
2,19,1253.97
3,199,633.48
90,49,984.2
65,83,1158.8099999999997
166,22,351.96999999999997
25,16,208.56000000000003
172,4,148.44
36,57,320.11999999999995
128,20,294.90000000000003
33,35,739.1899999999999
0,29,281.19
8,37,500.21
76,36,678.1800000000001
139,53,1390.3900000000006
105,35,549.3199999999999
30,100,2537.9100000000003
10,97,1576.8000000000004
65,22,316.68
111,14,303.6
14,2,363.2
10,3,107.6
5,139,606.1300000000002
17,206,948.0500000000001
6,81,2349.3600000000006
129,2,174.0
20,4,102.96
145,1,106.0
62,6,406.09000000000003
58,7,101.33999999999999
62,57,1649.71
33,15,554.72
133,35,102.82999999999998
10,42,230.16000000000003
9,71,1757.8999999999999
31,40,185.95000000000002
10,24,103.09
60,15,345.09999999999997
13,111,780.4300000000003
83,6,356.0
3,86,850.6299999999999
16,19,394.38
132,45,196.0
103,10,208.05
57,4,728.64
54,153,409.36999999999983
41,52,1163.4499999999998
35,19,563.64
69,43,482.12000000000006
33,19,290.65999999999997
62,33,526.88
120,9,303.0
2,8,163.54999999999998
40,4,285.6
0,84,2874.7200000000007
16,50,858.0899999999999
98,209,870.7099999999998
104,8,1541.4
65,7,104.35
0,48,854.79
22,158,2634.2999999999993
56,16,401.59999999999997
1,54,1066.47
68,477,4814.399999999994
0,67,1042.55
97,38,551.54
12,159,2818.6400000000003
35,29,522.91
5,17,255.96
9,52,612.0099999999998
68,5,200.72
50,29,1013.01
14,32,714.4
179,10,319.42
14,173,12030.62
94,49,162.2899999999999
107,97,2791.590000000001
41,40,259.34999999999997
23,39,258.8799999999998
8,49,1046.0999999999997
125,37,612.9099999999999
17,95,1568.229999999999
66,2,270.0
71,14,242.35000000000002
122,51,287.3799999999999
20,79,1229.6600000000003
37,9,2019.6
97,4,94.5
13,50,815.7699999999999
138,15,368.09999999999997
1,1,179.0
171,4,83.2
44,7,204.24
9,114,2115.44
41,23,262.63
0,326,2643.5699999999993
9,208,696.8600000000002
80,22,112.40000000000003
147,11,318.70000000000005
171,24,114.61000000000001
9,24,374.57000000000005
36,29,110.82
36,27,656.6300000000001
8,14,289.52000000000004
41,98,526.6699999999996
94,60,573.4399999999998
77,56,1881.36
16,6,948.48
7,16,931.1899999999999
110,72,179.76000000000002
10,19,371.2
34,19,682.5200000000001
12,207,4230.469999999998
10,112,5396.4400000000005
7,73,1105.7800000000002
3,112,2026.1900000000003
48,41,113.62000000000005
15,6,0.0
111,88,1345.6399999999996
48,100,390.0699999999999
3,154,1837.7700000000004
94,66,387.1199999999997
2,36,728.5600000000001
7,10,243.8
164,5,274.56
77,4,112.08000000000001
21,9,1070.48
3,95,471.13999999999976
147,1,121.67999999999999
167,31,455.30000000000007
94,8,91.61
27,45,616.2800000000001
6,60,844.34
17,32,116.01000000000002
103,14,288.17999999999995
17,118,914.2500000000001
171,24,168.63
51,24,331.96
35,24,465.78000000000003
35,2,6.9
94,16,137.19
9,220,1497.32
19,78,1215.6200000000001
56,78,1201.96
